{
  "mongodbConnectURI": "mongodb+srv://newtest:Wu15150551059@cluster0.wnzo5np.mongodb.net/?retryWrites=true&w=majority&appName=Cluster0",

  "jwtSecret": "meetFoodSecretToken",
  "jwtExpireTime": 360000,

  "CognitoRegion": "us-east-2",
  "CognitoToCUserPoolId": "us-east-2_UuBoDO7H1",
  "CognitoTokenUse": "access",
  "CognitoTokenExpiration": 8640000,

  "S3AccessKeyID": "AKIAU6GDXSV7CZY6MF67",
  "S3SecretAccessKey": "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",
  "S3ProfilePhotoBucketName": "atestmeetfood",
  "S3ProfilePhotoUrlPrefix": "https://atestmeetfood.s3.us-east-2.amazonaws.com/",
  "S3CoverImageBucketName": "meetfoodcoverimage",
  "S3CoverImageUrlPrefix": "https://meetfoodcoverimage.s3.us-east-2.amazonaws.com/",
  "S3VideoBucketName": "meetfoodvideo",
  "S3VideoUrlPrefix": "https://meetfoodvideo.s3.us-east-2.amazonaws.com/"
}
